{"reservoirs":[
    {"name":"Trinity Lake", "data":[10,15,11.5,20,21.9,30,10,11.5,13.5,58,25,30]},
    {"name":"Shasta Reservoir", "data":[20,45,31.5,50,10.9,15,25,30,35,18,10,20]},
    {"name":"Lake Oroville", "data":[20,11,21.5,30,5.8,10,12,25,20,10,15,22.8]},
	{"name":"Folsom Lake", "data":[8,9,5.5,17,3,4,25,28.9,30,31,21,25]},
    {"name":"New Melones", "data":[0,4,8.5,9.9,15,5,8,20,17,40,35,38]},
    {"name":"Don Pedro Reservoir", "data":[40,56,38.9,20,20.9,85,20,34,35,78,89,90]},
    {"name":"Exchequer Reservoir", "data":[10,15,41.5,60,10.9,5,8.5,89,78,34,28,45]},
    {"name":"San Luis Reservoir", "data":[45,56,17.5,78,10.1,9,2,24,28,30,15,25]},
    {"name":"Millerton Lake", "data":[30,5,31.9,10,56,20.7,19,26,17,67,78,89]},
    {"name":"Pine Flat Reservoir", "data":[40,65,21.5,56,20.9,35,45,78,23,89,90,42]},
    {"name":"Peris Lake", "data":[35.9,25,41.5,57,11.9,25,25,67,48,18,10,43]},
    {"name":"Castaic Lake", "data":[25.5,75,11.9,58,50.9,15,25,30,25,56,67,38]}
]}